{
  "model": "Random Forest",
  "test_rmse": 0.6143334125366721,
  "test_mae": 0.4511392667713942,
  "test_r2": 0.993860041475195,
  "mae_percent": 2.9410488441294578,
  "rmse_percent": 4.004937512492425,
  "mean_target": 15.33940069278007
}